Year,RegionName,AveragePrice,12m%Change,SalesVolume,FlatPrice,Flat12m%Change,MortgagePrice,Mortgage12m%Change,FTBPrice,FTB12m%Change,FOOPrice,FOO12m%Change
2013,Barking and Dagenham,173733.62493333334,4.737982869583333,149.0,136009.44161666665,3.8045623085,174254.47423333334,4.598485017833334,164790.53018333335,4.4453685641666665,187952.61430833334,4.734286601
2013,Barnet,374770.610075,4.485720691833333,397.5833333333333,281831.08699166664,3.9247349036666663,377495.87655,4.343027112500001,310675.23335833335,4.126078411333334,429537.04583333334,4.484007278333334
2013,Bexley,213470.261625,5.392835553083334,281.5,151491.39256666668,4.382150129416667,215989.28787500004,5.5448086847499995,191495.57378333333,5.3594687221666675,231805.29532500004,5.583697823583333
2013,Brent,339655.6131583333,8.143147001583335,205.41666666666666,274629.99661666667,7.603179286416666,340276.34157499997,7.772568386166668,289296.42945833335,7.52267452975,393073.0271583333,7.899397541416666
2013,Bromley,296669.20405833336,5.1665756620000005,457.1666666666667,200910.67468333337,4.345902189166666,298732.17927499994,5.371506790833333,236199.81556666663,5.215343107416666,337295.74483333336,5.3657562985833325
2013,Camden,667447.5587416668,13.907295399083333,244.16666666666666,601101.5476083333,13.654512553083334,675358.3561999999,13.21192341758333,567044.8816833333,13.260626769416666,776277.5313666667,13.482538523333334
2013,Croydon,234439.87946666664,5.667448507833334,404.3333333333333,174517.90011666666,4.79566950525,235970.94833333336,5.725666262833333,198359.85897499998,5.45349151475,276712.1250083333,5.844562096166668
2013,Ealing,338088.966475,6.0893002615,320.6666666666667,273833.5155916666,5.393194632500001,337100.8164,6.070937711916667,298802.4997166667,5.860727236500001,378477.10984166665,6.16201952625
2013,Enfield,261604.35586666665,5.620970609916667,284.6666666666667,192573.35423333335,4.787223110833333,264827.4462416666,5.819539401,229898.956425,5.683675916333333,294208.18578333344,5.827888407583333
2013,Greenwich,253399.260875,6.916537928250001,294.5,219525.60722500004,6.5207273095,255736.36612500003,6.562429520833334,227502.0503,6.421145016333334,291854.89342499996,6.790664722749999
2013,Hackney,372668.9015333333,14.448689445666666,226.66666666666666,343044.245475,14.138784066499996,372606.8606166667,14.363536414166667,352528.2564,14.39595595225,393900.34902500006,14.330895340166665
2013,Hammersmith and Fulham,631529.1711500001,11.555834575833336,251.08333333333334,548750.5006833334,11.139727995333333,632081.0096250002,11.615441074416665,554671.4458333333,11.414780702416664,689583.1106000001,11.777129552333335
2013,Haringey,372233.57327500003,9.5607624905,222.08333333333334,321048.368175,9.137438052999999,373939.7945166666,9.645726258416666,331534.78069999994,9.382898087500001,415459.28626666666,9.7239574895
2013,Harrow,319397.7050083333,4.747857459333333,214.5,228631.03913333334,4.0317025918333345,322344.007975,4.699669810916666,267215.83019166667,4.54141522925,358114.47773333336,4.792201224583334
2013,Havering,226428.81703333333,2.16893151425,297.8333333333333,148342.89188333333,1.0389727076666668,228107.24784166669,2.30436954875,192331.01318333333,2.0871570809166666,257691.23356666672,2.35461421975
2013,Hillingdon,270594.76212500007,3.8828851260833335,279.5833333333333,183245.07510833337,3.12041080625,272725.0948416667,4.176082934666667,226798.264575,4.0209360510000005,312032.14481666667,4.256360418166667
2013,Hounslow,290577.28955000004,8.422618741666666,237.5,234381.5920083333,7.757385347833334,289898.46673333336,8.268530477083335,260992.86435000002,8.185705580333332,331292.3039333334,8.430755101583333
2013,Islington,495766.17051666667,12.163564022083335,249.83333333333334,441987.50497499993,11.851240763583334,490173.4376333333,11.8635985265,467839.0708583333,11.745639868166668,523353.59768333327,12.017384269166667
2013,Kensington and Chelsea,1126572.6998333333,11.698088890583335,220.5,976521.6852416666,11.441489294999998,1126819.8065833333,11.454009382499999,971496.239125,11.153177222333333,1291726.2765,11.576879941583334
2013,Kingston upon Thames,345739.1485416666,6.537441196833334,230.33333333333334,254147.16634999998,6.065197809333333,349030.87905000005,6.649486333333333,289573.09450833336,6.505577518,378207.84939166665,6.69441856225
2013,Lambeth,362965.72145833337,10.785775093083332,411.25,318037.50454999995,10.403465403249998,363698.1625916667,10.569840817166666,323107.5143333333,10.34025278975,427664.52320833324,10.90345703875
2013,Lewisham,260815.06643333336,8.351364413333334,351.5,220606.45729999998,7.925468891333334,262187.0188833333,8.086836874666666,228017.68582500002,7.8919784305833325,310553.8955666667,8.260680043666667
2013,Merton,344544.43434999994,8.755925653416666,270.5,262374.32043333334,7.881710956416666,339229.96833333327,8.5584838325,297448.1856083333,8.398869287999998,392158.818775,8.748039706583333
2013,Newham,222784.25043333336,4.682240675,198.83333333333334,212736.93186666665,4.247971627166667,221116.6870083333,4.582962185583334,217777.27835000004,4.568538613,227405.19201666667,4.54162261175
2013,Redbridge,274824.94430833333,3.342693223,248.75,197305.12123333334,2.2167812495833332,278747.21070833335,3.7532859175833333,237089.2299833333,3.454101552583333,305611.52894166665,3.851250352333333
2013,Richmond upon Thames,492115.70464166655,8.175952178333334,301.75,346025.4115583334,7.394488924250001,495431.33660833345,8.152410802666667,392963.15612500004,7.823473657,557999.4821166666,8.332551855
2013,Southwark,360749.83675,8.95159937425,356.75,313801.62080000003,8.609797532166667,359768.07988333335,8.751530559916667,316008.98480000003,8.5554856835,432795.605675,9.057044109999998
2013,Sutton,252002.84394166665,5.487342023333333,250.5,182984.82435,4.656749157,257407.65576666666,5.769714714999999,213181.31454166668,5.518476955833333,295098.53976666665,5.911824638750001
2013,Tower Hamlets,309051.04095833335,8.19228033925,369.1666666666667,301189.44505,8.093616451166666,308101.7988416666,8.413569010583332,300422.30294166674,8.269042678666667,317638.97266666667,8.486784762583333
2013,Waltham Forest,254265.26544166662,10.159463210333334,242.08333333333334,206752.2568,9.273569150916666,253757.20396666668,10.145996227333331,242021.30290833337,10.06838579475,264847.43809999997,10.124910373916666
2013,Wandsworth,457404.06346666673,11.725667643416665,522.0833333333334,392747.7120250001,11.256481658833335,457751.26201666665,11.532984508750003,398673.6488,11.352983285416668,530043.9057,11.702219675
2014,Barking and Dagenham,201172.22941666667,15.713455930083333,188.25,157176.49455833333,15.491880253333335,201828.06758333335,15.7433657115,190849.80551666662,15.733039351833332,217539.63211666667,15.66255071941667
2014,Barnet,430363.35122500005,14.796103256916666,421.5,324279.88704166666,15.027982484166666,433635.8118,14.8331315375,358190.35493333335,15.257263612416665,491911.3151499999,14.483176762333335
2014,Bexley,244459.43775000004,14.455819348333334,328.6666666666667,173265.46963333336,14.318332538416668,247425.7586083334,14.493098457999999,219596.21957500002,14.614111885833331,265170.05022499996,14.331627826333333
2014,Brent,394687.482225,16.18602137666667,248.66666666666666,318810.53485833335,16.074480787499997,395406.07545000006,16.185682348333334,336572.08145,16.3259807625,456276.48951666657,16.062369318333335
2014,Bromley,347857.24826666666,17.144821143333335,514.0833333333334,235190.16860833333,16.958445117500002,350247.2973749999,17.134364755833335,277724.48894166667,17.47151307,394839.8608666667,16.950742776833334
2014,Camden,756486.4726166666,13.3233549275,231.66666666666666,682292.9459083333,13.488811575,765419.4600083334,13.318949577500002,644384.3189416667,13.619732514999997,877779.1305,13.060623405000001
2014,Croydon,274827.41510000004,17.155090503333337,500.8333333333333,204279.35177500002,16.989164874166665,276632.45910000004,17.15884408333333,233047.36822499998,17.416770266666667,323772.61007500003,16.933453625000002
2014,Ealing,400039.3317583333,18.26808162,291.8333333333333,323543.40633333335,18.10269773916667,398984.39930833335,18.301426744166665,354441.5981583333,18.5649685475,446812.0268083333,17.9997613825
2014,Enfield,294515.79323333333,12.520860183999998,325.3333333333333,216723.6496583333,12.485023730083334,298232.1897,12.553263312083331,259663.10962499995,12.885948883916667,330391.17879166664,12.239405486666667
2014,Greenwich,298351.4582083333,17.702045508333338,385.4166666666667,257456.26289166664,17.251543689999995,301057.71883333335,17.683486764166666,268102.29268333333,17.809692201666667,343253.98905833333,17.572065150000004
2014,Hackney,456388.4434583334,22.524105639166663,243.16666666666666,420096.598125,22.523355274166665,456401.3348916667,22.546873082499996,431989.63768333336,22.599560585833334,482056.05285833334,22.4402251825
2014,Hammersmith and Fulham,721099.8527,14.178176438333331,239.16666666666666,627498.165925,14.351353755,721864.8701333334,14.198378915833333,634811.8063916668,14.445951783333333,785731.195525,13.935526180833335
2014,Haringey,435807.73738333344,17.059178926666664,243.83333333333334,375059.00622499996,16.810613503333332,437814.1844666667,17.06171624083333,389686.878575,17.519614450833334,484921.2121083333,16.70006291416667
2014,Harrow,360795.8076,12.895210005833334,233.58333333333334,258314.83287499993,12.920940591166664,364372.49930833344,12.971335198833335,302796.56815833336,13.2493767235,403691.9911083333,12.660956510166665
2014,Havering,259267.27329166664,14.438368554666667,353.8333333333333,169740.15750833333,14.365415721166668,261236.24241666668,14.458705786083334,220668.97513333333,14.670418172416666,294597.9157,14.257066905500002
2014,Hillingdon,305781.9476,12.946439682416667,319.25,206957.78349166666,12.887923847083334,308233.59102500003,12.962134003583332,256842.86836666663,13.190409846583334,351972.47414999997,12.742547744583334
2014,Hounslow,324525.8537,11.633641634333335,277.9166666666667,261175.90573333335,11.39175871,324166.3305583334,11.768154232166667,292096.44267500006,11.867087004916668,369142.54216666665,11.376510155250001
2014,Islington,585171.3108083333,18.08095755916667,239.66666666666666,522272.30505,18.21429766416667,578730.2226583334,18.11212049166667,553745.1713916666,18.406695700833335,616254.8406416667,17.800903340833333
2014,Kensington and Chelsea,1288405.6689166664,14.394864781666664,225.33333333333334,1120782.01175,14.802590160833333,1289905.4975833332,14.503450129166668,1115346.4969166666,14.835420253333332,1471777.7003333333,13.970360456
2014,Kingston upon Thames,406106.38467500004,17.413577681666666,254.83333333333334,297874.18391666666,17.16399843416667,410125.8441666667,17.4562483575,340659.36675,17.596617631666664,443800.17394999997,17.2952405055
2014,Lambeth,433624.91085000004,19.545246260833334,414.4166666666667,380027.7151833333,19.576513038333335,434555.7280333333,19.55891134166667,386486.5220166666,19.695527989166667,510031.6171166667,19.335069609166666
2014,Lewisham,315812.5943666667,21.1188198825,384.3333333333333,266410.44153333333,20.804735452499997,317481.79049166664,21.12112599166667,276365.20663333335,21.236660378333337,375534.7994083333,20.954388748333333
2014,Merton,419976.8252083334,21.823450835,262.25,319384.0734416667,21.663337796666667,413755.3322333333,21.8987784375,363497.38148333336,22.13762208,476841.679275,21.522046324999994
2014,Newham,258312.26291666666,15.856230654666668,253.75,245241.52621666665,15.197285391166666,256444.34479166663,15.885466522833333,252560.25575833334,15.880773803333332,263613.42017500004,15.831339266083333
2014,Redbridge,304162.4709416667,10.641452858666666,307.75,218174.497925,10.545932210666669,308533.81042500003,10.652199144666668,262840.0435166667,10.827512026666668,337808.92130833335,10.5019924945
2014,Richmond upon Thames,577055.3170916666,17.157368312583333,288.8333333333333,406492.6885583333,17.375674666166667,580865.7496000001,17.141105218499998,462443.84355000005,17.57992280191667,652827.1403666666,16.890698154916667
2014,Southwark,427767.4137666667,18.541003423333333,332.5,372131.5337916667,18.557200180833338,426647.5432166666,18.552028041666667,375246.828275,18.709889254999997,512024.16400833335,18.269024018333333
2014,Sutton,291132.0562583333,15.447836587500001,287.3333333333333,211214.353525,15.352253985000003,297512.320475,15.500040341666669,246805.60528333334,15.693584872499997,340319.0902916666,15.244195187499999
2014,Tower Hamlets,382241.6889,23.892044671666667,431.6666666666667,372340.08975833334,23.83520509,381067.30385,23.889895828333334,372013.77869999997,24.036643129166666,392465.4935833334,23.769625900833336
2014,Waltham Forest,314934.3971,23.71545968083333,297.1666666666667,255241.04057500002,23.316127153333337,314298.7895333333,23.7122384725,299908.1081166667,23.773382700833334,327912.260175,23.666321190833333
2014,Wandsworth,544515.000825,19.090674019999998,505.3333333333333,467906.00858333334,19.186735271666667,544868.2077416667,19.0765472675,475549.4822666666,19.33019169416667,629487.555,18.806110679166665
2015,Barking and Dagenham,233460.10742499997,16.114781876666665,200.41666666666666,182139.42955,15.95032836583333,234179.169975,16.0947207625,221528.6532416667,16.142821816666668,252356.41267500003,16.06508646916667
2015,Barnet,478687.94987499993,11.346728132583335,427.0833333333333,359957.749625,11.122958582916665,482442.1343583334,11.373968568833332,398257.6459833334,11.308589904916666,547297.0345083333,11.373658267583332
2015,Bexley,274209.28096666664,12.264892249833332,328.5,193484.6187916666,11.779587141166663,277566.76190833334,12.277963708500002,246164.027575,12.198559937166669,297585.7650833333,12.315954803416666
2015,Brent,440951.66538333334,11.830764753666664,260.5,355405.9649416667,11.597265682749999,441824.35118333326,11.847285884916666,375848.254275,11.781395289916665,509958.2121333334,11.871528256833335
2015,Bromley,385681.4501083333,11.095091043083334,504.5,260152.1177083333,10.839860027916666,388308.6897083333,11.090644504666665,308051.8856916667,11.143027775583333,437663.34899166663,11.066322456666663
2015,Camden,787440.9329,4.1571999355,207.25,710714.3632833333,4.22923346375,796606.4293999999,4.142033656833333,671998.2275833333,4.347529025833333,912065.8531749999,3.9743164053333344
2015,Croydon,307064.07943333336,11.800256464416664,480.5,227692.67215833333,11.536856895333331,308997.4727333333,11.771731566666666,260318.27305,11.775688990333336,361848.40969999996,11.827060274833334
2015,Ealing,438310.5197416667,9.604175027416664,305.75,353804.684225,9.396159409583333,437184.94084999996,9.611215086916667,388435.87068333337,9.629257281083332,489459.7508749999,9.581404926666666
2015,Enfield,335503.49974166666,13.952293249999999,314.25,246599.08682499998,13.8261848,339658.07790833333,13.927808647500001,295714.74317499995,13.92412426,376462.0970666667,13.9757310425
2015,Greenwich,331848.8085583333,11.293073957499999,358.4166666666667,286024.92704166664,11.163481625333333,334913.6423833333,11.310870319000001,298055.32844166673,11.241563273083331,382055.04878333333,11.364411427083335
2015,Hackney,506798.9910999999,11.103263903166665,243.5,466307.6770583333,11.056542949999999,506905.16647500003,11.123120549416669,479698.09752500005,11.102946763583335,535299.5516916666,11.101060118416667
2015,Hammersmith and Fulham,760833.6371083334,5.671107231250001,204.0,662135.5773250001,5.678426057166668,761781.6494166666,5.691355266833333,670588.5152083334,5.79395956625,828237.091075,5.5728244075
2015,Haringey,480636.0830833332,10.355997075916667,230.41666666666666,412991.2485749999,10.181930051333334,482815.46296666673,10.349003303833333,430328.76172500005,10.497426981333334,534176.2674333333,10.229179714666666
2015,Harrow,408604.42836666666,13.307199095833333,258.9166666666667,291898.644975,13.074289400833331,412703.8636333333,13.320891656666667,342981.96014166664,13.331858738333333,457114.7066166668,13.287087085000001
2015,Havering,291844.8191166667,12.623974139166668,349.0,190579.98688333333,12.345271691916667,294025.1409916667,12.611108807499997,248291.49328333334,12.577858077500002,331724.47490833333,12.659962440000001
2015,Hillingdon,352748.34532499994,15.3893780975,319.9166666666667,237933.38276666668,15.008668554166668,355623.4332083333,15.404659207500002,296071.58748333337,15.307783240000001,406273.51514166663,15.45395605583333
2015,Hounslow,351438.0741666667,8.421390644416666,277.75,282264.75210833334,8.208993252166666,351225.83069166663,8.47597969525,316223.96679166664,8.392042541583333,399900.276175,8.456797457333334
2015,Islington,643147.90565,10.054684433750001,198.5,574252.6643166667,10.095924107166667,636187.0578083333,10.075819331916666,608593.4010583333,10.056797721666667,677293.278525,10.047956797083332
2015,Kensington and Chelsea,1302102.7248333332,1.279457072416667,181.5,1135116.32275,1.498968516583333,1304229.7001666666,1.3281548230833333,1129908.352083333,1.5239218055000003,1484173.4394166667,1.057092699916667
2015,Kingston upon Thames,438002.50040833344,8.002760593833331,218.83333333333334,320760.18375,7.8319265011666666,442328.28927499993,8.003231950916666,367378.5170583334,7.992716650666668,478710.9021416667,8.01504218775
2015,Lambeth,471614.02079166664,8.788859700000001,387.25,413137.30178333336,8.739296673500002,472580.06114999996,8.778632101666668,420418.13792499993,8.807416339333333,554585.8091666666,8.763798437916668
2015,Lewisham,355049.95376666664,12.527444044083333,366.8333333333333,299096.85062499996,12.371513493666667,356865.30768333335,12.50905259975,310665.281475,12.517109468499998,422224.90027499996,12.532795769166666
2015,Merton,457702.1092583334,9.08722821875,248.66666666666666,347338.3056583333,8.862629974750002,451070.87750833336,9.123503683500001,396461.78622499993,9.170993515333333,519308.6185416667,9.012457673666667
2015,Newham,297558.14183333336,15.389552515833332,256.8333333333333,282249.0042166666,15.282534436666667,295444.36954999994,15.402313970833333,291025.9500333333,15.4234060875,303570.3397666667,15.356711950833335
2015,Redbridge,343795.29410833336,13.009428767500003,288.6666666666667,246281.42435833334,12.873395983333332,348768.672975,13.019631350000003,297031.35865,12.989966214166666,381875.2841,13.022418092500002
2015,Richmond upon Thames,618778.06755,7.463091443000001,271.5,435649.0042416666,7.4046385629166664,622799.3403500001,7.454042131083335,496605.1429416667,7.617954755833332,699432.8256583334,7.373152927916666
2015,Southwark,467867.51874166663,9.494828394916667,338.0,407022.9880249999,9.494378815583335,466719.74055,9.5127756645,410501.575775,9.517575411249998,559800.8059333332,9.44914980225
2015,Sutton,322932.13844166667,11.043963145500001,283.8333333333333,233782.47555,10.812352215083331,330049.65122500004,11.058269709916665,273657.744675,11.003950452833331,377624.2967333333,11.07993596225
2015,Tower Hamlets,421943.8370166667,10.453039348250002,348.5833333333333,410895.97790833336,10.420353628166668,420613.944725,10.445387742666666,410530.4541,10.423449040750002,433351.5139833333,10.48116281925
2015,Waltham Forest,357513.365125,13.713864135333331,291.1666666666667,289046.08255000005,13.443441213333335,356654.4491416666,13.673193495166666,340364.09197500005,13.684213588249998,372328.40987500007,13.738331000583331
2015,Wandsworth,572691.1646083334,5.3029362361666665,494.0,491811.5738916667,5.2336653640833335,573083.0401416667,5.306568392916666,500040.94475833344,5.278171665916667,662224.4489416666,5.329490147583333
2016,Barking and Dagenham,273919.6360416666,17.41822144916667,183.58333333333334,213901.9237,17.479363995000003,274728.51208333333,17.404836706666668,259890.5474583333,17.40367019583333,296141.2297083333,17.439824259166667
2016,Barnet,525939.5773,9.932416589083333,424.9166666666667,396327.1795916667,10.150786439083333,529998.3305166668,9.920044349833333,438455.50974999997,10.149822300166667,600442.3848166666,9.775643591583334
2016,Bexley,321563.508775,17.3738949475,285.6666666666667,227178.10169166667,17.468711757500003,325488.86162499996,17.371851923333335,288836.0900833334,17.432451412499997,348830.88998333336,17.330171664166667
2016,Brent,489469.4183666667,11.067883175666665,249.33333333333334,395094.78380833333,11.20848478075,490396.24098333326,11.060253587916668,417917.5971916667,11.250106610833333,565189.6504833334,10.903178264750002
2016,Bromley,428008.11998333334,11.072034668666667,437.25,289037.6860583333,11.166172410500002,430875.2472583333,11.06012622675,342424.5887583333,11.250699914833334,485246.2769916667,10.972299427166666
2016,Camden,807118.9619583334,2.7024779668333334,183.08333333333334,729544.6986583333,2.8477094513333334,816380.8378166667,2.6857359594166668,690830.6397916666,3.009073424083333,932304.6280166666,2.419637947083333
2016,Croydon,355846.80933333334,15.978566453333336,442.6666666666667,264228.3031333334,16.096069809166668,358015.8170833333,15.956065600250001,301958.32858333335,16.078288288333336,418941.63766666665,15.879343487333335
2016,Ealing,476440.73730833334,8.958813398166665,264.6666666666667,385128.6032583334,9.065197337083333,475159.041525,8.948676330499998,422807.8806416667,9.105867464083333,531371.3661916667,8.824454478666668
2016,Enfield,385489.80545833334,14.987987690333332,269.9166666666667,283824.60925,15.145960772499999,390235.0380250001,14.980773712,340082.5624333333,15.087423884416665,432187.17063333327,14.896145156166668
2016,Greenwich,372737.74,12.488573027416669,316.8333333333333,321885.4189166667,12.663996857833334,376062.222875,12.456234304416666,335217.0906833334,12.622189470916664,428396.71457500005,12.314202233166666
2016,Hackney,537746.3464333334,6.34283505025,204.66666666666666,495251.1788000001,6.431731430166667,537823.4053583335,6.338262770250001,509248.9687166666,6.394004285249999,567705.5543666666,6.293091307833333
2016,Hammersmith and Fulham,755097.3830916667,-0.6814320372499999,183.58333333333334,658486.3927,-0.4876289359999997,755690.3123250002,-0.7262415045833336,666855.451825,-0.4835393890000003,820914.7990416666,-0.8117265354166667
2016,Haringey,527676.6110500001,10.020971236416667,191.0,454162.00202500005,10.169952450249998,529993.2656416667,10.006758455416668,472808.60699166666,10.112189138916667,586013.2340333333,9.931225776833333
2016,Harrow,453862.3088083333,11.186517126833335,197.41666666666666,325156.4020583334,11.457535807416667,458349.0632583333,11.174095578916665,381760.94367500005,11.406233255750001,507077.39545833325,11.047205850916667
2016,Havering,341803.8938,17.16483890083333,314.8333333333333,223189.53945833328,17.124097705,344337.2906333334,17.159122871666664,291001.3800416666,17.244304718333336,388292.3033833333,17.102064603333336
2016,Hillingdon,400791.48638333334,13.76804059041667,285.5,270512.64898333343,13.79216958175,404063.0107583333,13.772015352166667,336840.7017916666,13.908635438333333,461117.97916666657,13.655845929499998
2016,Hounslow,386462.0389749999,10.084957199333333,245.33333333333334,310913.156475,10.233235262500001,386187.34705,10.078281714999997,348149.48278333334,10.208313130416666,439119.5206666666,9.9345863285
2016,Islington,642137.1610083333,-0.12616672158333334,195.0,573959.5375416667,-0.021524940000000048,635235.9773833334,-0.11783352858333329,607780.9932416667,-0.10222419433333331,676069.0787416666,-0.1500593264999999
2016,Kensington and Chelsea,1276235.1040833332,-1.9289458330833333,152.25,1117365.6169166665,-1.5051001646666666,1278149.43725,-1.9411802306666666,1112342.0814166667,-1.4960329440000002,1448807.61625,-2.3262400202499998
2016,Kingston upon Thames,483333.44675000006,10.406646605583335,184.58333333333334,354554.17641666665,10.569664722166666,488038.7704166666,10.392085306499999,406033.68941666675,10.573454268916668,527843.9934,10.323652338333334
2016,Lambeth,514562.329175,9.303095566333335,330.1666666666667,451282.59660000005,9.414452506,515599.17625,9.301115268416668,459325.298375,9.442827398416666,603936.009225,9.106377142666666
2016,Lewisham,402648.69100000005,13.518308384500001,333.6666666666667,339758.0414916667,13.67938905025,404631.7911666667,13.498073313916663,352795.83998333337,13.662840358416666,477984.08338333335,13.332667870333331
2016,Merton,500267.42485,9.567542756166667,217.41666666666666,380356.76050833333,9.721239176749998,493120.32208333333,9.592922192000001,434134.395575,9.764117005916665,566682.6033833334,9.395440495999999
2016,Newham,347956.886925,17.020915095833335,246.33333333333334,330299.98983333335,17.07366249416667,345399.173925,16.99494172833333,340439.1533333334,17.065446196666667,354875.0305416666,16.981254510000003
2016,Redbridge,391837.31334999995,14.115052317249999,255.33333333333334,280886.14559166663,14.148130801166666,397493.0577416667,14.113921213749999,338908.318625,14.231219537666668,434898.609225,14.032093177666665
2016,Richmond upon Thames,653760.8185333333,5.800241942333333,243.25,461672.65678333334,6.09516010975,657977.0438083333,5.796786416583333,526145.6977,6.089356908333333,737838.3140416667,5.64103000925
2016,Southwark,510331.26198333333,9.205300984750002,302.0833333333333,444607.4862166667,9.348930758083336,509031.98614999995,9.198265003333335,448513.49215,9.380932087750002,609214.64095,8.968092120833333
2016,Sutton,365303.13083333336,13.174263221000002,272.6666666666667,264810.79314166674,13.300086497583335,373231.6089666667,13.139322757583335,309950.737625,13.309918769916663,426667.83035833325,13.046520669416667
2016,Tower Hamlets,457129.597725,8.434930938499999,383.4166666666667,445325.69215,8.47122998475,455577.90754166665,8.40913323075,444717.91085833334,8.422847996666667,469531.27272500005,8.445444933916669
2016,Waltham Forest,413149.2707083333,15.737851599999999,256.1666666666667,334444.56082499993,15.827674014166668,412092.47356666665,15.719266450833333,393416.77865,15.759939717499998,430192.43629166664,15.719594484166665
2016,Wandsworth,608740.9070833334,6.351680121833335,444.0,523867.72276666673,6.565481689750001,609052.6633,6.334553171999999,532734.6086583334,6.59027411325,702193.5122583335,6.097920730249999
2017,Barking and Dagenham,287734.71735833335,5.1863113878333325,172.5,228490.14873333334,6.912774639416667,288428.4024583334,5.1318186755,273127.90280833334,5.231014407916667,310553.18805,5.018206890416667
2017,Barnet,538281.0170083334,2.3091323821666667,335.6666666666667,409564.33592499996,3.2438921151666666,541907.681825,2.2188916884166665,450279.41653333325,2.630809575666666,612813.9735166667,2.044306457416667
2017,Bexley,335694.4689583333,4.500322598083333,273.25,240583.0337,5.898699374083335,339610.78854999994,4.447501395000001,302197.3926833333,4.7030656986666655,363343.3111,4.287893425500001
2017,Brent,487703.75437499996,-0.36065333975,185.25,397291.37348333333,0.4940482301666669,488129.06405,-0.45635771858333335,417686.3952583333,-0.08899788533333335,561384.5740916666,-0.6424881710833333
2017,Bromley,441218.58528333326,3.083055205166667,400.5,301134.0069916666,4.131286484,444028.1676,3.054312366583334,353723.5639916667,3.2767623735,499413.19594166667,2.9274557205
2017,Camden,839347.4762083334,4.464606062333333,182.91666666666666,760611.4747666667,4.7086755309166675,848356.8961833334,4.3937491392500005,718596.2476583333,4.442984022083333,969526.9762583337,4.50884966175
2017,Croydon,372554.48416666663,4.810761061166667,417.9166666666667,279927.2395083334,6.021196302916667,374718.72121666675,4.784133918833334,317000.1400666667,5.080482464666666,437238.12768333335,4.499439657416667
2017,Ealing,484592.165825,1.7176855131666668,232.25,396127.08869999996,2.79794582725,482710.51553333335,1.6022416398333335,430723.65612500004,1.8542028364166665,539386.6033249999,1.5378471243333334
2017,Enfield,395929.17661666666,2.73183327625,235.75,294959.251825,3.8973358700000005,400757.7564416667,2.721567598666667,349614.6474166667,2.806106498,443462.00372499996,2.6514127209166665
2017,Greenwich,391749.94482499996,4.875205174916666,294.6666666666667,341900.94856666675,5.925648986750001,395125.77625000005,4.851474333083333,353654.15220833337,5.241086499999999,448054.4530166667,4.406995292583333
2017,Hackney,549005.5639916667,2.4465632345833335,189.91666666666666,507816.4625583333,2.8603832916666665,548820.2443499999,2.4041378756666667,520524.3510083333,2.5460881398333335,578679.185775,2.3054668629166666
2017,Hammersmith and Fulham,756900.4163833334,0.3098234205000001,179.16666666666666,663758.6901416668,0.8209944150833333,757086.7539750001,0.26475930275,668340.706175,0.26180329416666664,822641.7523583336,0.30367038750000014
2017,Haringey,557306.89,5.758870529583334,163.0,484026.36096666666,6.700272891333334,559379.1879083334,5.690162552666664,498914.9057416666,5.646575974999998,619383.69685,5.855970743333333
2017,Harrow,470763.42229166673,3.8325147466666665,175.16666666666666,341111.641025,4.923003428416666,475002.9590416667,3.7514211350833335,397309.17205,4.148974777833334,524462.6827833335,3.558089459416667
2017,Havering,360479.24213333335,5.540060806666666,300.0,237885.68240833338,6.593827672583333,363007.8226333333,5.500040832583333,307370.33535000007,5.685426828333334,408814.08573333337,5.374215043833334
2017,Hillingdon,413586.547825,3.275075156416667,275.9166666666667,282307.94875000004,4.379618256833334,416849.70845833333,3.2498510237500002,348300.1293916667,3.457592736916667,474771.2648666666,3.0656063164166665
2017,Hounslow,400904.53366666666,3.5344146248333335,221.66666666666666,325300.62761666666,4.353372606249999,400284.24201666674,3.45644668275,361962.0339666667,3.731701408666666,454202.2202249999,3.2727104905833335
2017,Islington,650114.6291916667,1.49303960825,141.16666666666666,583114.3036333333,1.8166995315833327,643196.5767916667,1.508463752916667,615355.4543416667,1.4837319245833334,684547.0218666666,1.517032357
2017,Kensington and Chelsea,1344539.7319166667,5.338675944083334,130.41666666666666,1183347.7838333333,5.862000272083333,1346257.3475833333,5.318437280416665,1174773.0656666667,5.558291774333333,1522309.928,5.0985576345000005
2017,Kingston upon Thames,492318.5643499999,1.8704059081666664,167.25,364204.940475,2.702145013833334,496652.3419833333,1.7804593245833333,414871.40876666666,2.1629225521666666,536451.4013166666,1.6554567271666671
2017,Lambeth,518503.5381416667,1.035087597333333,319.6666666666667,457017.97162500006,1.5105180361666666,519512.8155999999,1.0310857975,464327.1105416666,1.3306010294999997,605838.9494583333,0.6231731134999998
2017,Lewisham,411049.02487499994,2.1984020681666663,286.6666666666667,350122.78125,3.117828588583333,412916.0918333333,2.16413798,361697.4970083333,2.603270686666667,485096.5560666667,1.6417888604166668
2017,Merton,512185.8072166667,2.5316333355,208.75,393643.73119166674,3.5786818227500006,504571.7492416667,2.473339927916667,445586.88952500006,2.759159190666667,578756.1438416666,2.30473602475
2017,Newham,362131.544175,4.21913821825,310.0833333333333,348107.2592333333,5.51076329225,358929.0263083333,4.0747348665,354083.65335000004,4.150693827916666,369477.4784249999,4.2627839485
2017,Redbridge,410300.1586249999,4.874435138,230.5,297322.82948333333,5.9706169117500005,415889.2996083333,4.794233826083333,355586.3173083333,5.065094121666666,454543.2331916667,4.692992462416666
2017,Richmond upon Thames,665284.6743083332,1.9511188805833333,230.0,474290.2921833333,2.8492279299999996,668985.0225666666,1.86546616925,537148.9333083333,2.2362329353333332,749205.0979916666,1.7536933001666668
2017,Southwark,515883.33217499993,1.1425577844166666,296.6666666666667,451625.7763750001,1.598660725583333,514239.4764583334,1.08591645,454847.7107333333,1.43684144725,612899.847175,0.70063574575
2017,Sutton,376924.5835916666,3.1727213460833332,251.5,275608.04575,4.027270961083334,384835.6932583333,3.1077356887499996,320308.2099083333,3.313455075083334,439528.4601916667,3.024445172
2017,Tower Hamlets,459279.0601583333,0.48848539166666666,297.0,448102.5905583333,0.62980748125,458114.97235833335,0.5827876626666667,446469.88119166665,0.40439513450000003,472088.053725,0.5704487266666668
2017,Waltham Forest,436116.5025,5.714297710500001,232.75,357056.2571833332,6.8829022840833325,434932.87044166675,5.6990568125,415440.04287500004,5.739872963166667,453938.7296416668,5.686094154499998
2017,Wandsworth,617921.4753,1.5199158069166672,431.5,535104.2149666668,2.113183626916667,617827.7363916667,1.4616830224166666,542673.1200166667,1.83455955175,710088.7688583332,1.1822659225833334
2018,Barking and Dagenham,295185.125625,2.6065673899166666,161.33333333333334,231043.29,1.14617921875,295916.07360000006,2.6133910105,279862.9788166667,2.4853211375833335,319338.0153916666,2.8417439454166664
2018,Barnet,533216.0924999999,-0.9326472899166666,326.3333333333333,401467.8890083334,-1.969834233833333,537040.4723583334,-0.8897024291666669,444350.96679166664,-1.30924785325,609653.3155166667,-0.5061413963333333
2018,Bexley,342672.76000833337,2.0942801208333335,254.91666666666666,241685.37257500002,0.48777156483333334,346969.60437500005,2.18195851675,307686.13330000004,1.8350636691666666,371885.18325,2.3632024451666664
2018,Brent,492936.85917500005,1.0852404958333337,166.25,397769.0173250001,0.1394182671666664,493823.95395833324,1.1780159784166666,420445.54829166667,0.6751003261666666,570690.9730583333,1.6671150330833333
2018,Bromley,443416.58335000003,0.5060407305833331,387.3333333333333,297786.4413833333,-1.0951038728333333,446522.68275,0.5695578791666667,353826.14751666674,0.040315942250000014,503847.59875000006,0.8932887030833334
2018,Camden,842186.9274249999,0.43175736266666637,153.41666666666666,760838.3163666666,0.12319868366666668,851311.58315,0.4420509679166667,719905.9958083333,0.2745676618333334,975068.0371249999,0.6661650219166666
2018,Croydon,370288.3534083334,-0.5934371605,349.25,274485.49580833333,-1.9238267685,372664.47599999997,-0.5335492259166666,313869.41266666667,-0.9707338030833333,436718.86910833325,-0.10612350483333328
2018,Ealing,480086.3304583334,-0.9134366348333337,233.08333333333334,388261.9988416667,-1.9674629366666665,478374.33552499994,-0.88169771875,425727.2272083333,-1.14310634875,535870.8363166666,-0.6358033829166668
2018,Enfield,396564.4381833333,0.19153231600000006,213.33333333333334,291209.70556666673,-1.2315024040833336,401608.3821166666,0.243453805,349506.69184166664,0.0021152767499999503,445109.4365416667,0.4004342111666666
2018,Greenwich,388387.5124833333,-0.7926679178333335,291.25,335651.8624666667,-1.75340722025,391938.3640166667,-0.7405915321666666,349890.1764083333,-0.9948067806666665,445691.976975,-0.46735117333333326
2018,Hackney,544644.92935,-0.6467023989166665,166.58333333333334,502280.8795999999,-0.9484301482499999,544310.3569250001,-0.67470266775,516150.29991666664,-0.6942587358333335,574572.1095583334,-0.5594397084166668
2018,Hammersmith and Fulham,725725.4939166666,-4.092978693,185.66666666666666,633476.0485583333,-4.5350015355,726108.5204916666,-4.065950656249999,639264.8045916667,-4.323918914,790883.7858166668,-3.835336674250001
2018,Haringey,551552.9007166667,-1.0166636449999997,170.83333333333334,474438.0798499999,-1.9635592224166667,553839.0565083333,-0.9746449445833331,493034.4178,-1.1620986295833335,614184.1579833335,-0.8245211349166667
2018,Harrow,465902.2014833333,-1.0082181267499999,186.33333333333334,333456.30262500007,-2.2144097149166666,470531.069625,-0.9175993469166667,391914.5217916667,-1.33188311,520652.93316666665,-0.7030889566666666
2018,Havering,370303.4207166666,2.7472142170833336,293.25,240088.87886666667,0.9553639138333336,372952.684475,2.7617967711666664,314563.35678333335,2.3635541580833337,421576.67947499995,3.142289981916667
2018,Hillingdon,410267.16215,-0.7964140225833333,251.58333333333334,276414.55396666663,-2.08121669975,413661.6166416667,-0.7585644432499999,344455.91938333336,-1.0979071373333333,472458.52425,-0.48023587891666675
2018,Hounslow,396697.4345,-1.0222039412500004,191.91666666666666,318414.84524999995,-2.089931126,396330.69118333334,-0.9606386357500002,357271.4815166667,-1.2688385651666665,451037.3343749999,-0.6689413627500002
2018,Islington,649532.9482333333,-0.04843325833333332,146.0,580801.7434250001,-0.3524360994166667,642441.36865,-0.0753626864166667,614405.6459333333,-0.11268064991666661,684569.8453333334,0.04361935691666641
2018,Kensington and Chelsea,1363802.1595833332,1.6014597437500002,110.5,1195299.1485833332,1.169630114083333,1365174.9762499998,1.5726568355,1189446.6017500001,1.4153692159166666,1547278.0362500001,1.8122212327500005
2018,Kingston upon Thames,497031.3300083334,0.9576595069999998,174.5,362398.189825,-0.49511296791666676,501776.3420416666,1.0322064111666664,416980.85641666665,0.5081227555000001,543499.7586916665,1.3152034754166668
2018,Lambeth,511582.14695,-1.2943410244999998,279.0833333333333,448949.15690833336,-1.7221861955833333,512546.57865833334,-1.3006059149166667,457200.2195916667,-1.4925738690833332,599537.109625,-1.0020295303333333
2018,Lewisham,411530.10916666663,0.13713804600000004,278.8333333333333,347265.20129166666,-0.7942862190833334,413510.4311,0.16428853408333324,361073.8752833334,-0.15179299058333326,487780.61360833334,0.5732035479999998
2018,Merton,512712.90789166675,0.13027634558333326,190.91666666666666,388675.3698749999,-1.2220875113333334,505219.91252500005,0.15543933208333324,444808.9347833333,-0.14395696016666668,581066.07325,0.4230729832499998
2018,Newham,359175.82167499996,-0.812164298916667,264.5833333333333,342891.619975,-1.49264573925,356409.2654166667,-0.6980232284166666,350892.18548333325,-0.8973222442499998,367013.55949166673,-0.6627289269166666
2018,Redbridge,422497.29115,2.988407548,211.58333333333334,301500.932675,1.4244675207500002,428679.3034833334,3.091196148083334,365055.9183,2.6785987637499997,469465.8619833333,3.298753044333333
2018,Richmond upon Thames,652274.0112500001,-1.9545245912500002,219.33333333333334,459466.863575,-3.1171677394999997,656431.2644250001,-1.8757803320000004,524747.8658416667,-2.305086589916667,736387.80015,-1.7113674294166665
2018,Southwark,504224.9766916667,-2.1742406748333334,301.0833333333333,439475.330475,-2.5983447183333332,502699.0360416667,-2.1586003084999996,443540.52941666666,-2.3960486763333333,601253.8649583333,-1.8206543923333331
2018,Sutton,379294.3369666667,0.63841491925,223.25,273421.88958333334,-0.7747592958333334,387497.62811666675,0.7014119522499999,321127.48532499996,0.26797771724999997,444212.78585000004,1.0725615088333333
2018,Tower Hamlets,446503.87823333335,-2.7314318975000003,271.1666666666667,435239.3183000001,-2.8220807531666665,444845.3445833333,-2.847311953,434134.12520000007,-2.7129248427500006,458858.7533749999,-2.7519378693333336
2018,Waltham Forest,440887.46558333334,1.101675755416667,234.83333333333334,356573.634075,-0.12843619900000008,439737.4557666667,1.1125101285833332,419692.3873916667,1.0312390071666666,459269.0748583334,1.1820205498333332
2018,Wandsworth,596632.2728833334,-3.417864265,394.6666666666667,514038.64351666666,-3.904166786416667,596710.0661916666,-3.39090847125,522730.57036666665,-3.64429085375,687592.2397500001,-3.1439196489166665
2019,Barking and Dagenham,298207.10233333334,1.0273370460833333,140.08333333333334,229612.041275,-0.6155696271666667,298966.93467499997,1.03466342125,282418.0768166666,0.916590007,323305.59931666666,1.2456389634166667
2019,Barnet,521293.3252250001,-2.231043539833333,317.1666666666667,389406.3497083333,-2.9954421797500004,525313.4938583333,-2.1789845435833333,433245.1182499999,-2.492302590833334,597950.13265,-1.9167257265
2019,Bexley,336872.5015583333,-1.6812674673333332,251.08333333333334,234512.75466666662,-2.962402053,341247.7926833333,-1.63735762575,301785.15712499997,-1.9082582285000003,366551.2962250001,-1.4206564073333332
2019,Brent,474597.7162833333,-3.723950405583333,144.83333333333334,381250.746575,-4.16433963975,475406.58439166663,-3.732572286416666,404489.17466666666,-3.802019682333334,550089.1209083333,-3.6078624984166665
2019,Bromley,436228.65628333326,-1.6221316479999999,388.75,290212.2139583333,-2.54272863575,439438.9299416666,-1.587487857666667,347317.10596666666,-1.84003938725,496655.68680833344,-1.4286327644999999
2019,Camden,848157.5951500001,0.7809698945,136.83333333333334,764638.9257583335,0.5766309944166669,857700.7459833332,0.8234512542500001,724664.2140666667,0.7381325191666667,982697.3030833333,0.8460573563333336
2019,Croydon,365937.216425,-1.1652103375,349.1666666666667,268522.3258333333,-2.1623205066666666,368384.60681666667,-1.1385653359166668,309413.4275,-1.409853898416667,433018.98306666664,-0.8368622895000001
2019,Ealing,472145.3270666666,-1.644113749,228.5,378627.882125,-2.473486933416667,470565.0660833334,-1.6224467208333333,417717.9198416667,-1.8717421035833333,528417.9272833333,-1.380303645583333
2019,Enfield,392439.0311916666,-1.0393354424999999,215.58333333333334,285101.209125,-2.0980270045833334,397691.38109166664,-0.974282765,345326.97346666665,-1.19518523125,441325.93036666675,-0.8487448219166667
2019,Greenwich,393212.30066666676,1.2378970305833332,279.75,337969.16676666663,0.6900313055833335,396694.48180833325,1.2090663668333332,353835.64875833335,1.12431300675,452123.07937500003,1.43686967225
2019,Hackney,554909.28,1.9279563269999997,197.16666666666666,510377.6420666667,1.6577046094166665,555023.0644916667,2.01245361975,525084.4015666667,1.7748454320833336,587103.0832333333,2.22314613125
2019,Hammersmith and Fulham,717794.663575,-1.0751234231666669,158.91666666666666,624174.1176083334,-1.4523812471666666,718519.0845833332,-1.0273684785000001,630972.5047833334,-1.2803646711666665,784277.5176916667,-0.8168143575833332
2019,Haringey,546173.954875,-0.9644763591666665,165.33333333333334,466265.419575,-1.709617837666667,548582.6530416666,-0.9384921339166667,486988.709175,-1.2150949066666665,610191.9721083334,-0.6398691006666667
2019,Harrow,449287.21502500004,-3.5577963425833325,201.5,318839.73409999994,-4.366774542916666,454141.0260583334,-3.4754236174999993,377094.26708333334,-3.7698921635,502998.38869166677,-3.384870593583333
2019,Havering,364635.5589166667,-1.52549244225,265.4166666666667,233230.10490833336,-2.856256462833333,367235.8714333333,-1.5279297699166665,308936.98970833333,-1.7851707280833333,416322.80721666664,-1.2389000754166666
2019,Hillingdon,404350.69546666666,-1.4231045764166665,247.0,269648.800075,-2.4369124467499996,407765.18168333336,-1.4064568800000001,338698.77175,-1.65484866525,466774.51018333336,-1.1811954370833335
2019,Hounslow,401792.39535000006,1.3076174309166666,170.5,320271.9371583333,0.6144356207500001,401451.02789166657,1.3148531870833333,361327.0348416667,1.1606356193333334,457842.92632499995,1.5288537033333334
2019,Islington,633485.723775,-2.4250021600833334,156.16666666666666,564759.2371833334,-2.7170338215833336,626660.6834583334,-2.410763526916667,598151.6930999999,-2.6012897841666667,669439.6090166668,-2.1627212615833336
2019,Kensington and Chelsea,1235956.6325833332,-9.281018078,117.0,1080636.7785,-9.505227453083332,1237435.5079166666,-9.262044536916667,1077284.4723333332,-9.338540549,1403239.1154999996,-9.213347385583331
2019,Kingston upon Thames,486646.5155666666,-2.076581738166667,182.25,351186.08422500006,-3.0764640736666666,491507.08146666666,-2.0337436682499996,407076.79353333334,-2.360855169666667,533433.1857,-1.8405483328333332
2019,Lambeth,507846.74603333324,-0.6949682190833332,282.0833333333333,443960.2719,-1.0737048744166668,508846.47319166665,-0.6874489986666666,453095.8536166667,-0.8613631055000002,596697.5949499999,-0.44029352991666676
2019,Lewisham,408627.2726833333,-0.7032531456666665,256.6666666666667,342265.39389166667,-1.43563086575,410560.5822666667,-0.7111238550833335,357798.43140833336,-0.9041959929166667,485892.0176083333,-0.3862314999166667
2019,Merton,504816.91272499994,-1.46948826925,185.16666666666666,379081.3068166666,-2.4131829660833337,497586.6097166667,-1.4405010626666666,437078.0792666666,-1.6717739761666666,573389.56125,-1.2457658181666666
2019,Newham,363956.0870583334,1.3712933564999998,177.16666666666666,345376.9491416667,0.7591892970833335,361418.2299,1.4486729886666667,355060.9709083333,1.2275371949166667,373130.63441666664,1.7086557067500001
2019,Redbridge,411324.3676583334,-2.63870457875,201.91666666666666,290351.707275,-3.692489386583334,417480.2681666666,-2.606534479416667,354630.57063333335,-2.8499502968333332,458193.5493083334,-2.3955485641666665
2019,Richmond upon Thames,648647.4926333333,-0.5209518155,211.75,452836.3563833333,-1.4169726249999999,653138.1332166666,-0.4660346089166667,519898.0905333333,-0.8930799917500001,734203.9251999999,-0.25880183441666677
2019,Southwark,498929.56520833325,-1.0020263048333333,266.3333333333333,433509.8843916667,-1.30652235775,497658.77687500016,-0.9549960529999999,438300.9282166666,-1.1309205435833336,596359.3057666667,-0.7691168206666666
2019,Sutton,371597.25646666664,-2.0124246346666665,212.75,265525.66569166665,-2.876495283583333,379869.7499416666,-1.9515874883333335,314136.4326333333,-2.1625777355833335,436040.3969083333,-1.8193216574166666
2019,Tower Hamlets,438641.66092500003,-1.6981223416666662,276.4166666666667,427129.2016333332,-1.8001659913333332,437040.06905000005,-1.6930567085833337,426168.205,-1.7718152416666664,451582.86585833336,-1.5235982278333335
2019,Waltham Forest,430727.7043500001,-2.2901397405,228.83333333333334,344564.9114083334,-3.352689779583333,429609.14960833336,-2.2890213486666666,409174.2487083333,-2.49254462325,449974.1819833333,-2.008642397166667
2019,Wandsworth,587915.1707666666,-1.4568457690833334,384.5,503940.615775,-1.9582532710833334,588275.0325666666,-1.4101174310833333,513918.02625000005,-1.6806540908333336,679491.0015833332,-1.175274848916667
2020,Barking and Dagenham,300836.13397500006,0.8900974724166666,112.83333333333333,228274.0257,-0.5702931442499999,301654.2930333333,0.9073018185,284773.2851666667,0.8423977875,326526.77883333334,1.0050529379166664
2020,Barnet,525757.268125,0.8810505399166665,270.0833333333333,386117.01459999994,-0.8195464129166666,530081.7593416668,0.9321634015,433725.41094166663,0.13477168274999998,608024.3011916666,1.7095659005000001
2020,Bexley,343326.4484583333,1.9247833809166668,228.91666666666666,233986.247075,-0.21336882958333306,348066.94287499995,2.007058261833333,306555.3808083334,1.5898612228333333,374980.53539166664,2.3081708690833334
2020,Brent,487681.14773333335,3.0001730765833337,137.25,386925.83781666664,1.7475057469166668,488635.5239916667,3.02622457275,413972.11815833324,2.5956387847499998,568593.7219083334,3.5963194050000005
2020,Bromley,435047.9044416666,-0.26935132933333333,357.3333333333333,284541.5862,-1.9482407934166666,438667.65860833327,-0.17440791008333348,344603.19696666667,-0.7787871126666664,497699.34136666666,0.2099945559166667
2020,Camden,833570.0387166667,-1.6140510695833334,136.58333333333334,747715.2421083335,-2.1106339229166666,843210.2088666665,-1.5829667245,710034.6970250001,-1.9163910565833335,971977.7855416667,-0.9789475667499999
2020,Croydon,374646.00525,2.3794855080000006,306.0833333333333,270365.69240833336,0.6878478605833332,377282.82635,2.415053546333333,315548.095425,1.982782377083333,445458.0634416667,2.8716615928333327
2020,Ealing,479742.24219166674,1.6284997506666665,194.5,379449.9686083333,0.24237383191666664,478331.99441666674,1.6698828208333334,422843.0570666667,1.2490124755,539532.0694999999,2.119407103666667
2020,Enfield,396768.9974916666,1.1073231610833334,180.83333333333334,282710.4920083334,-0.8274275294166666,402405.2525333333,1.1887028895833331,347803.45702499995,0.72252722125,448321.9168083333,1.58734536125
2020,Greenwich,397126.32229166664,1.0316293619166665,216.83333333333334,337437.47410000005,-0.12026264783333325,400978.69396666664,1.1159465117499998,356321.2090333333,0.7389826844999999,459064.1083083334,1.5706327884166662
2020,Hackney,582893.3500333334,5.065188901749999,142.83333333333334,533566.7735583334,4.5662410131666675,583686.8186499999,5.18595769575,550697.6950083334,4.899745268416667,618540.3256916668,5.377652630166666
2020,Hammersmith and Fulham,726979.6455166666,1.2748605780833333,160.83333333333334,628207.6263750001,0.6420325695833333,728064.498575,1.3234274789166667,637085.7894666666,0.9651355600833335,797024.1379083333,1.6189523511666666
2020,Haringey,557247.5689,2.0130985904166665,150.33333333333334,470056.2037500001,0.8049048948333334,559752.74765,2.021794368083333,494683.6049166667,1.5684615258333334,626509.2979833332,2.6552321162499997
2020,Harrow,455395.99895833334,1.3640899603333334,142.75,317301.5805333333,-0.47141769941666656,460724.54039166664,1.4537940363333333,380411.63833333325,0.88693849675,512606.7004,1.9116395796666668
2020,Havering,369250.57149166666,1.2686606092500001,251.58333333333334,231126.370525,-0.8952250510833334,372010.27795,1.30305428875,311785.3457333333,0.9256108439166665,423245.15973333333,1.664900445
2020,Hillingdon,409892.8818833334,1.3914653380833333,208.08333333333334,267796.1536583333,-0.6589226344999998,413552.7645916667,1.4398459305,341946.91620833334,0.9817952978333332,475559.3654416667,1.90023445625
2020,Hounslow,412815.97435,2.7381376704166667,152.33333333333334,324222.0573583333,1.2298402095,412362.967425,2.7134187580833333,370064.8345916667,2.413511924166667,472669.779925,3.2320726930833334
2020,Islington,661212.7341916667,4.368265167416667,145.91666666666666,586200.6149583334,3.7891217135000006,654963.0257083332,4.507374279666667,622273.2739416666,4.0252277046666665,702689.0420416668,4.955483109000001
2020,Kensington and Chelsea,1320567.7573333334,6.952109084499999,110.66666666666667,1145793.0208333333,6.140181904666666,1323415.1881666665,7.053477732666667,1145892.0945833332,6.47540699225,1507521.92275,7.537506544833334
2020,Kingston upon Thames,490709.37420833326,0.8687692653333334,147.5,346418.83310833335,-1.3230590788333334,496342.65483333333,1.0174030033333334,407362.4746833334,0.10462248450000011,541713.3015416666,1.5850178725
2020,Lambeth,526815.7140333335,3.725404633083333,256.9166666666667,457368.80275833333,3.013138097666667,528191.9013583333,3.791316602583333,468358.171975,3.3604203222500004,622410.7077833334,4.296358372833333
2020,Lewisham,422310.5642833334,3.350100924,233.66666666666666,348548.41949166666,1.8420611685833332,424782.06535000005,3.464915097916666,367966.9439083334,2.8460834731666664,506057.4845916666,4.147336151583334
2020,Merton,524124.8265750001,3.8831669642499995,166.16666666666666,387143.7435833333,2.2021447191666663,516950.2878750001,3.9493735075000003,451878.156775,3.451163540333333,598145.6607083332,4.368538432833334
2020,Newham,373780.22085,2.7153007888333334,147.25,350902.92852500005,1.6203873489999998,371156.72729166667,2.709639672,364351.505625,2.6334719412500007,383918.3462,2.9054266402500004
2020,Redbridge,422986.82443333324,2.8512656999166666,162.0,292969.7739,0.9212475265833334,429804.39755833335,2.967996798416667,363649.68951666664,2.5599478443333337,472809.5790666666,3.2050514310000007
2020,Richmond upon Thames,681175.3355916667,5.0285470514999995,198.75,467860.4106333333,3.3381269895000005,686502.5075083334,5.121687426416666,542439.4210416666,4.352398202833333,774719.4808416668,5.529873934499999
2020,Southwark,511817.3218916667,2.580330609333333,188.75,441916.08864166675,1.939310180416667,510470.52657499997,2.5716368885833334,448199.20907499996,2.25766372275,615382.8145833333,3.183037490583333
2020,Sutton,378749.1953916666,1.9257560326666667,191.25,265672.1687916666,0.0611050316666667,387528.25177500007,2.0169471650833333,318673.33425,1.4464925429166666,447047.9457166667,2.5240694403333332
2020,Tower Hamlets,466055.8603,6.292736611083334,241.66666666666666,452865.7113083334,6.068399880666667,464967.64710833336,6.432680321666667,452847.8842416667,6.301041732583333,479659.52869999997,6.266595718916666
2020,Waltham Forest,451232.55518333334,4.7663656275,189.5,353844.3790416667,2.7115961965000004,449981.9559,4.747961121,426936.9467666666,4.350272758083333,474049.5696,5.351611891250001
2020,Wandsworth,610148.3563583334,3.798612460333334,344.5833333333333,517843.4435583334,2.777561351916667,611560.9086916667,3.9748288795000004,530926.25935,3.327633215666667,709447.7174166666,4.4232860829166665
2021,Barking and Dagenham,315331.6790808333,4.827774716133333,149.41666666666666,233999.59640583335,2.5226580192749997,316373.55288916663,4.888702682775,298319.0374375,4.766773925841666,342685.97152,4.9566719389500005
2021,Barnet,550561.1689258333,4.714871777133333,390.25,396563.0032775,2.713193429691667,555571.8685025,4.805456268433334,450706.3621825001,3.9174912509666675,642357.9180525,5.636522125533333
2021,Bexley,365463.45867749996,6.440128028874999,322.5,243383.23199333335,4.016324941291666,370919.24417333334,6.557290036383333,325230.30196250003,6.085759730583334,400728.92160583334,6.857132932900001
2021,Brent,512710.6881791666,5.427686012108334,194.41666666666666,401578.06462416664,4.071500407908333,513828.141265,5.452170950566667,433322.9527891667,4.967874342983333,601603.8606808333,6.104389450716666
2021,Bromley,465616.0683841666,7.039412329049999,494.4166666666667,296866.7628775,4.349722395058333,469837.0659649999,7.118462790016667,366124.1306733333,6.260823578441666,536431.8855941667,7.792278238324999
2021,Camden,832806.9603116666,0.006411652058333346,187.66666666666666,742089.1109283334,-0.6526298527916672,841949.0752558332,-0.05379939979166689,707001.5560091669,-0.32657538578333334,977374.7636683333,0.6471173701749997
2021,Croydon,394395.0633991666,5.269178839333333,444.25,277860.8212558334,2.7763294474583327,397336.95422250003,5.313195619049999,330214.3251641667,4.648305682566668,472166.64019833336,5.989670573133334
2021,Ealing,505879.4837666666,5.46384920785,301.8333333333333,393046.18610000005,3.5963850208166668,504747.5895508334,5.538180813733334,444204.9485441666,5.067154324949999,571706.7053508334,5.979388436466667
2021,Enfield,423745.14697833336,6.813993052441666,296.9166666666667,295084.4604666667,4.388733803675,430038.4114141666,6.882395839608333,369937.3867983333,6.380056018341666,481305.06237500004,7.3700076366000005
2021,Greenwich,403647.0932483333,1.6550629973583335,296.6666666666667,338509.80072916666,0.32406729186666666,407866.4643725,1.7319044498333336,361004.28788666666,1.324958548758333,469404.10166833334,2.2700643306
2021,Hackney,591597.5418974999,1.5215276974333332,231.75,538967.1784166666,1.0341586932916667,592117.3340466667,1.4755831282000003,558074.4109608333,1.3660905351166666,629594.0539133333,1.8179642292833333
2021,Hammersmith and Fulham,761918.6943833333,4.801802498833332,209.41666666666666,652545.914875,3.8842897658500006,762417.5981908332,4.715726069558333,664945.2285566666,4.377538250675001,839450.7481275001,5.308080917375
2021,Haringey,573295.5623450001,2.951359141416667,227.33333333333334,476209.9300475,1.3671144128416666,575745.6584366667,2.92904371915,507068.9980941667,2.5716169255916674,648325.7067458333,3.5596830820166656
2021,Harrow,485247.28533916664,6.567614933483334,202.75,331620.46797666664,4.521841676866667,491360.02377583337,6.662042747008335,403151.00390000007,5.9911794578499995,549297.1507,7.168655663300001
2021,Havering,390562.4818533335,5.770507963916667,390.25,238231.54588916668,3.080439300775,393742.09082833334,5.8402867836166665,328459.17433,5.348726237566666,449793.3005708333,6.268707640283334
2021,Hillingdon,429262.55316083337,4.738240250725,307.9166666666667,274848.72481083334,2.644436464983333,433303.4478916666,4.788495119158333,356799.10647749994,4.356001169483333,500195.1738591667,5.192781700724999
2021,Hounslow,423457.76040083333,2.668111245708334,213.16666666666666,327107.32449833327,0.9727072480666664,423161.28974250006,2.708019472691667,378387.9034641666,2.3381404919916666,487097.520575,3.14448276155
2021,Islington,687173.3400566666,3.9377310637833336,188.33333333333334,605502.0956608333,3.3092223734833333,680755.3942941667,3.9488863293833334,644999.0703683334,3.6666863245416663,733771.1481816666,4.4293069020416675
2021,Kensington and Chelsea,1326602.7602083334,0.547940480866667,159.58333333333334,1137877.4956999999,-0.6038100500916667,1330247.8691916668,0.608156257216667,1144039.6270416668,-0.06904577599166613,1525144.8032666668,1.2572508531999995
2021,Kingston upon Thames,513249.7284508333,4.593084747241666,224.75,354657.37641583337,2.3924828221166665,519349.2484416666,4.634715851758333,423602.92768916674,3.991495082933333,569782.6887391667,5.1762984449500005
2021,Lambeth,532032.601525,1.0746452113833334,365.3333333333333,458020.1811458333,0.22047021099999997,533331.6298299999,1.0590953698249999,471078.26885999995,0.66103058775,632751.6927483332,1.751725723475
2021,Lewisham,436827.91679833323,3.504857008175,319.3333333333333,355445.54586250003,2.030597778375,439392.4329858334,3.5085302113083334,379214.5063683333,3.1172197670416675,526692.5934974999,4.1545481383333325
2021,Merton,547742.1092975001,4.560984582891668,257.5833333333333,395402.71097416664,2.188672080833333,540348.1409899999,4.582832380183333,469975.43352749996,4.062041193025,628563.6082233334,5.136898645041667
2021,Newham,385776.90260750003,3.232052899958333,191.25,358137.525415,2.083383388791667,383199.62893750006,3.266679766325,375762.9293549999,3.1541260407,396921.38373083336,3.4102738357999995
2021,Redbridge,454152.82770833344,7.3755895828249995,258.25,307539.77139500005,4.985282842558333,461844.3125208333,7.462095620791666,389028.9223483333,6.988757125108333,509807.55039,7.829743711966667
2021,Richmond upon Thames,710852.9486541668,4.347089321183333,291.75,476843.7599624999,1.9253953569749997,716754.8346233334,4.396545208149999,560669.1481291667,3.3587006415083334,814334.6753666666,5.097069574875
2021,Southwark,511817.9490091666,0.08222706291666682,273.5833333333333,438596.6015649999,-0.6814629490833334,510383.2878791667,0.0656584073333335,446656.40844333335,-0.2696976935000001,619377.0531083333,0.745152760666666
2021,Sutton,402213.7752475,6.199708229725,276.1666666666667,275523.75025833334,3.7178152808250005,411970.2790133334,6.311578062150001,336570.932625,5.623045678483333,478002.77170916664,6.925297468666667
2021,Tower Hamlets,451453.3699283334,-3.0949596421666663,333.1666666666667,438010.18274416664,-3.24633291875,450443.04334166663,-3.0832306929166666,438678.00792333327,-3.09103197975,464550.26223249995,-3.1113568113333336
2021,Waltham Forest,476498.60359333333,5.681275991783333,299.75,367099.0249325,3.8069421950750004,475288.2984916666,5.705201013691667,449830.6626408333,5.443228397775001,502511.69534999994,6.087687007966665
2021,Wandsworth,608578.0982,-0.25917046672500005,483.75,510858.8375475001,-1.3461801226083334,609890.489475,-0.27543895919166655,526479.2584183333,-0.8367196164833333,713153.74035,0.5171793747
2022,Barking and Dagenham,345923.78576249996,9.697786753908334,104.0,250768.22358750002,7.167564084625,347211.7102833334,9.743255742033332,326884.6547625,9.570282266491668,376823.41212500003,9.961536338250001
2022,Barnet,588883.2175583333,6.995399284333332,279.8,415128.8576008333,4.693574114991667,595153.196,7.160056493216668,478559.7353633333,6.198505926716667,692473.2689416666,7.861199477075
2022,Bexley,396090.71356750006,8.360752125508332,221.8,255491.42568833334,4.963538234091667,402873.39292583335,8.594805483166668,351098.2484025,7.933098164108333,436271.55862666667,8.851924645308335
2022,Brent,545353.8712308333,6.354989113508332,145.6,421253.04178416677,4.914007257141667,547139.2810408333,6.4707026050500005,458566.22041249997,5.8241865961583335,644307.9364550001,7.075497366266667
2022,Bromley,501487.63431999995,7.671442527783334,356.6,310611.7820116666,4.615500351791666,506646.53236916667,7.801104175716667,391506.3368775,6.902602609516666,581529.7854825,8.375116685308337
2022,Camden,856415.5964708333,2.9769460063166666,147.0,758026.149005,2.2714405389,865157.8690158332,2.8974921141083336,723954.9843191667,2.5292703570333335,1012862.5799300001,3.7947057388666665
2022,Croydon,419130.58261666674,6.2630405184999995,317.1,286925.05762083334,3.25821232685,422594.7103508333,6.347537580983334,348829.10560166667,5.6273691668416665,505229.19387,6.998062855783332
2022,Ealing,528448.1449841667,4.447963501125,222.1,402576.79396499996,2.416373385916667,527818.3357774998,4.557400485191667,462066.56830750004,4.007371752266667,600418.1642250001,5.011452208700001
2022,Enfield,449852.02987499995,6.146993781950002,214.9,304013.9270208333,3.0265685379500002,457065.68227250007,6.270234464375,391003.3850391667,5.681906070808334,513778.0667016667,6.733592105858333
2022,Greenwich,428974.13605083333,6.306612689958333,201.3,355358.30727416667,5.023249361783334,433613.17968,6.3441428442,382825.840505,6.081896129583334,500697.0474816666,6.691064368516667
2022,Hackney,630725.0525916667,6.654510707941665,163.0,572051.5377966666,6.184602053599999,630216.5808158333,6.475849228666668,594384.0449066666,6.551253793458333,672673.2131941667,6.876608156041667
2022,Hammersmith and Fulham,766414.1471441666,0.7851532080916669,160.3,650988.8867241667,-0.05760687732499977,766404.5039616666,0.7135700000916665,666105.9894933332,0.35993692607500005,848618.5308241667,1.3027527400000005
2022,Haringey,597034.5621541666,4.159412245025,161.0,487631.62009249994,2.42378874365,599928.84772,4.219327971249999,526417.0538283334,3.83499819195,678404.4957083333,4.6592330659
2022,Harrow,520740.64720666665,7.319384171425001,153.0,347303.21726249997,4.765439079316667,528263.9404991666,7.515331797624999,429743.0001175,6.611130887033333,593322.1148974999,8.012777953225
2022,Havering,422054.62866333337,8.045982691033332,246.7,249223.81284416668,4.606416551433333,426012.3040041667,8.177817881891666,353606.30285333336,7.636643549649999,488221.3649208334,8.530318177933333
2022,Hillingdon,457588.16704333335,6.580539639575001,213.3,286479.05084666674,4.237901837241667,462322.09773833334,6.678475012683333,379219.52032416663,6.26847191305,535118.9270791666,6.962300679308334
2022,Hounslow,443926.79384083324,4.862403460758333,156.8,335473.7819591667,2.6207778166416666,444217.15874833334,5.004389592141667,394934.73921749997,4.411473444466666,513698.99831833324,5.478319932441667
2022,Islington,713668.0165575001,3.952668593175,152.0,625108.4573508335,3.3233553401000004,706128.4810541668,3.826200500075,668807.5598508333,3.7788068446916667,764427.1246058332,4.295041518033334
2022,Kensington and Chelsea,1428917.6078833332,8.594253280483334,145.7,1212232.6316583331,7.3229454463,1433752.531025,8.66527812195,1224999.3211833334,7.900745690699999,1653778.11285,9.381055248725001
2022,Kingston upon Thames,545396.0091983333,6.241934770099999,164.7,367878.79245166667,3.7142574098416663,552502.2282608333,6.361763338766667,447361.50250750006,5.586118476933334,608956.5121416667,6.857258446175
2022,Lambeth,547621.9125608333,2.9614628395083336,277.7,467188.0975566667,2.0358943607583333,548480.8208008333,2.8720236440166667,482820.7049383333,2.525679687933333,655929.7706216666,3.692884898158334
2022,Lewisham,455847.576495,4.414708211791667,247.6,364282.18676333333,2.5565025918083335,458536.01257749996,4.4180862949833335,393776.016055,3.9047393944916666,554359.192435,5.3061145689249996
2022,Merton,571839.1326250001,4.423882629966667,188.8,401657.53687,1.604478898541667,564489.1893874999,4.491693328933334,487946.99569916655,3.8442274786,660339.33738,5.0874082176
2022,Newham,411539.083285,6.709066357058333,132.7,378121.9899808333,5.623565672199999,408683.1972941666,6.680914527091667,400644.3239933333,6.654209574724999,423921.05305083335,6.829783941516667
2022,Redbridge,475712.61267583334,4.7470126500916665,181.9,312769.7189516667,1.698307484783333,484533.16825583344,4.912582872275,405600.5928091667,4.256574816974999,536889.7347458333,5.3168810128583335
2022,Richmond upon Thames,753456.0071350001,6.103137064216667,226.9,493470.0812474999,3.551998629666667,760323.0177716668,6.1882667808333345,589664.2222616667,5.255863608991667,868126.3082733332,6.738600589091668
2022,Southwark,543121.8983333333,6.261047401383332,226.5,461580.17032,5.39529956645,541534.5694016665,6.251972983058333,472214.2131591667,5.875508587883334,661635.7179516667,6.951868784666666
2022,Sutton,434299.9195758333,7.959738380366666,200.1,289178.61616,4.94710399805,445496.03485833335,8.119833606483333,361546.8817475,7.402065738225001,519327.2909975,8.631624792750001
2022,Tower Hamlets,477436.42593416665,5.969910110233333,235.2,462642.83653333335,5.842973790133333,476103.43460333324,5.910475009824999,463846.83469250007,5.956843585391667,491452.8404966667,5.994059056608333
2022,Waltham Forest,499945.59812333324,4.935689386183333,206.9,376559.4169083333,2.612772900525,498890.77675333334,4.980946261733334,470597.3471866666,4.637201435558333,529640.3562075,5.405044382899999
2022,Wandsworth,644624.60636,5.949937519966666,371.1,535328.4350616666,4.811894239558334,646077.8504075,5.961198749116666,554731.1239116667,5.387269353816666,760695.5553825,6.7031469984416665
